{
  "id": "2155425",
  "name": "小米",
  "font_family": "iconfont",
  "css_prefix_text": "icon",
  "description": "",
  "glyphs": [
    {
      "icon_id": "720957",
      "name": "购物车",
      "font_class": "xiazai1",
      "unicode": "e600",
      "unicode_decimal": 58880
    },
    {
      "icon_id": "959111",
      "name": "下箭头",
      "font_class": "xiajiantou",
      "unicode": "e649",
      "unicode_decimal": 58953
    },
    {
      "icon_id": "1020323",
      "name": "右箭头",
      "font_class": "youjiantou",
      "unicode": "e658",
      "unicode_decimal": 58968
    },
    {
      "icon_id": "3550768",
      "name": "左箭头",
      "font_class": "ico_leftarrow",
      "unicode": "e670",
      "unicode_decimal": 58992
    },
    {
      "icon_id": "6010906",
      "name": "搜索",
      "font_class": "sousuo",
      "unicode": "e60f",
      "unicode_decimal": 58895
    },
    {
      "icon_id": "6966956",
      "name": "右箭头",
      "font_class": "youjiantou1",
      "unicode": "e637",
      "unicode_decimal": 58935
    },
    {
      "icon_id": "6966961",
      "name": "左箭头",
      "font_class": "zuojiantou",
      "unicode": "e63b",
      "unicode_decimal": 58939
    }
  ]
}
